<?xml version="1.0" encoding="utf-8" ?> <dce><bands>	<band name="Header" identifier="" start="0" loop="single">		<rows>			<row name="HeaderRow" identifier="" length="0" coldelimeter=",">				<cols>					<col name="FileName" length="10" start="0"></col>					<col name="TotalRecords" start="0" length="1"/>				</cols>			</row>		</rows>	</band>	<band name="Detail" identifier="INE" loop="repeatable" start="0">		<rows>			<row name="DetailRow" identifier="" length="0" coldelimeter=",">				<cols>					<col name="ISIN" length="9" start="0"></col>					<col name="FaceValue" length="4" start="8"></col>				</cols>			</row>			<row>				<band name="Detail" identifier="LOCAL" loop="repeatable" start="0">					<rows>						<row name="ExchangeInfo" identifier="" length="0" coldelimeter=",">							<cols>								<col name="LOCAL" length="5" start="0"></col>								<col name="ExchangeCode" length="0" start="0"></col>								<col name="ScripCode" length="0" start="0"></col>							</cols>						</row>						<!-- Test -->						<row>							<band name="Level4" identifier="FEED" loop="repeatable" start="0">							<rows>								<row name="FeedLevel" identifier="" length="0" coldelimeter=",">									<cols>										<col name="Col1" length="5" start="0"></col>										<col name="Col2" length="5" start="0"></col>									</cols>								</row>							</rows>							</band>						</row>					</rows>				</band>			</row>		</rows>	</band>	<band name="Footer" loop="single" >		<rows>			<row name="FooterRow" identifier="" length="0" coldelimeter="">				<cols>					<col name="EndofLineMarker" start="0" length="11"></col>				</cols>			</row>		</rows>		</band></bands></dce>